year_month,num_collaborations,num_active_developers,avg_collab_weight,unique_pairs
2025-01,79,44,0.3993670886075948,64
2025-02,93,44,0.3399999999999999,72
2025-03,119,48,0.4182352941176471,93
2025-04,98,43,0.4044897959183673,76
2025-05,87,45,0.3536781609195402,67
2025-06,96,47,0.4165625,74
2025-07,86,45,0.3933720930232558,64
2025-08,107,48,0.3893457943925233,85
2025-09,90,45,0.4115555555555556,68
2025-10,80,41,0.390875,61
2025-11,78,41,0.3933333333333333,58
2025-12,106,49,0.365566037735849,83
